Data,Familias Beneficiarias BS em pobreza,Familias Beneficiarias BS de baixa renda,Familias Beneficiarias BS renda per capita maior meio salario minimo,Beneficiarias BF feminino 0 a 3 anos,Beneficiarias BF feminino 4 a 6 anos,Beneficiarias BF feminino 7 a 15 anos,Beneficiarias BF feminino 16 a 17 anos,Beneficiarias BF feminino 18 a 24 anos,Beneficiarias BF feminino 25 a 34 anos,Beneficiarias BF feminino 35 a 39 anos,Beneficiarias BF feminino 40 a 44 anos,Beneficiarias BF feminino 45 a 49 anos,Beneficiarias BF feminino 50 a 54 anos,Beneficiarias BF feminino 55 a 59 anos,Beneficiarias BF feminino 60 a 64 anos,Beneficiarias BF feminino acima de 64 anos,Beneficiarias BF masculino 0 a 3 anos,Beneficiarias BF masculino 4 a 6 anos,Beneficiarias BF masculino 7 a 15 anos,Beneficiarias BF masculino 16 a 17 anos,Beneficiarias BF masculino 18 a 24 anos,Beneficiarias BF masculino 25 a 34 anos,Beneficiarias BF masculino 35 a 39 anos,Beneficiarias BF masculino 40 a 44 anos,Beneficiarias BF masculino 45 a 49 anos,Beneficiarias BF masculino 50 a 54 anos,Beneficiarias BF masculino 55 a 59 anos,Beneficiarias BF masculino 60 a 64 anos,Beneficiarias BF masculino acima de 64 anos,Quantidade de Benefícios de Renda de Cidadania (BRC),Quantidade de Benefícios Complementares (BCO),Quantidade de Benefícios Primeira Infância (BPI) PBF,Quantidade de Benefícios Variáveis Familiares Gestante (BVG),Quantidade de Benefícios Variáveis Familiares Nutriz (BVN),Quantidade de Benefícios Variáveis Familiares Criança (BV),Quantidade de Benefícios Variáveis Familiares Adolescente (BVA),Quantidade de Benefícios Variáveis Familiares Criança (BV) e Adolescente (BVA) somados,Quantidade de Benefícios Variáveis Familiares,Quantidade de Benefícios Extraordinários de Transição (BET),Quantidade de Famílias com suspensão parcial do benefício pelo Seguro Defeso
01/2015,,,,,,193745.0,37811.0,90804.0,141370.0,66883.0,50157.0,37363.0,26702.0,16824.0,9093.0,4760.0,,,201982.0,40553.0,63822.0,61372.0,35343.0,32375.0,26768.0,20620.0,15705.0,9808.0,6451.0,,,,,,,,,,,
01/2016,,,,71726.0,59182.0,176469.0,34594.0,89633.0,134346.0,61914.0,45696.0,33641.0,24647.0,15628.0,8620.0,3926.0,75568.0,61664.0,183565.0,36086.0,57011.0,56047.0,31234.0,28689.0,23567.0,18745.0,14206.0,8921.0,5008.0,,,,,,,,,,,
01/2017,,,,72534.0,56385.0,158004.0,31169.0,86441.0,125276.0,55849.0,40420.0,28836.0,21135.0,13281.0,7556.0,2671.0,76531.0,58772.0,164316.0,31293.0,52054.0,52734.0,28314.0,24899.0,20524.0,16357.0,12193.0,7776.0,3107.0,,,,,,,,,,,
01/2018,,,,73460.0,55812.0,148437.0,28087.0,89340.0,123229.0,54521.0,39547.0,28859.0,22071.0,14653.0,8746.0,4037.0,78275.0,58132.0,154081.0,27958.0,52603.0,53135.0,27799.0,24097.0,20402.0,16771.0,13281.0,9037.0,4252.0,,,,,,,,,,,
01/2019,,,,70126.0,53119.0,135641.0,24964.0,82397.0,116357.0,50241.0,37225.0,26836.0,21658.0,14736.0,9083.0,3688.0,73388.0,55661.0,140576.0,24984.0,46285.0,47997.0,25245.0,22367.0,18916.0,16693.0,13434.0,9538.0,3819.0,,,,,,,,,,,
01/2020,,,,61952.0,50927.0,128225.0,22447.0,73531.0,110228.0,47206.0,36098.0,26203.0,21418.0,15078.0,9497.0,4052.0,64737.0,53537.0,133312.0,22981.0,42111.0,44021.0,23013.0,21086.0,18118.0,16103.0,13378.0,9803.0,4190.0,,,,,,,,,,,
01/2021,,,,58165.0,56099.0,141147.0,24758.0,78221.0,121596.0,52585.0,41019.0,29870.0,23882.0,17764.0,11209.0,5401.0,60827.0,59147.0,147014.0,25709.0,48315.0,47732.0,24750.0,23177.0,19951.0,17749.0,15376.0,11437.0,5715.0,,,,,,,,,,,
01/2022,,,,73792.0,67731.0,172301.0,32737.0,97470.0,155060.0,67918.0,54507.0,40444.0,33006.0,25872.0,16763.0,8112.0,77190.0,71501.0,179534.0,33249.0,58865.0,58704.0,30374.0,29335.0,25911.0,23465.0,21401.0,16629.0,8317.0,,,,,,,,,,,
01/2023,,,,86342.0,75241.0,193714.0,36046.0,107992.0,180649.0,77350.0,64540.0,48122.0,39837.0,31562.0,20664.0,8087.0,90542.0,79238.0,202136.0,36316.0,60844.0,65100.0,32968.0,33684.0,30026.0,27871.0,26123.0,20740.0,8224.0,,,,,,,,,,,
01/2024,1351305.0,368453.0,0.0,92822.0,77867.0,199815.0,35108.0,108091.0,187921.0,79715.0,66483.0,50162.0,40582.0,32263.0,21183.0,5518.0,97136.0,82119.0,208755.0,35269.0,60385.0,63061.0,31713.0,32457.0,29360.0,27634.0,26799.0,21275.0,6263.0,1719754.0,559092.0,343186.0,17809.0,16675.0,409623.0,71400.0,481023.0,515507.0,5812.0,
01/2025,1229898.0,430049.0,0.0,90172.0,75755.0,196152.0,33461.0,99236.0,185865.0,78718.0,63479.0,48966.0,39307.0,31723.0,21540.0,5355.0,93191.0,79873.0,204780.0,33628.0,54314.0,58524.0,29891.0,29976.0,27597.0,26242.0,25588.0,20596.0,6013.0,1659941.0,544418.0,332334.0,38995.0,12328.0,402706.0,69167.0,471873.0,523196.0,4405.0,
01/2026,1151493.0,350050.0,0.0,80724.0,70162.0,181264.0,30720.0,85219.0,173500.0,72946.0,57957.0,44722.0,35361.0,27810.0,19545.0,4502.0,84782.0,74010.0,188713.0,31061.0,44847.0,49779.0,25796.0,26102.0,24407.0,22857.0,22136.0,17916.0,4705.0,1500929.0,494750.0,303151.0,22054.0,12204.0,371698.0,63633.0,435331.0,469589.0,,
02/2015,,,,65433.0,61549.0,,,,,,,,,,,,67766.0,64127.0,,,,,,,,,,,,,,,,,,,,,,
02/2016,,,,70719.0,59117.0,,,,,,,,,,,,74516.0,61624.0,,,,,,,,,,,,,,,,,,,,,,
02/2017,,,,71897.0,56695.0,,,,,,,,,,,,75926.0,58956.0,,,,,,,,,,,,,,,,,,,,,,
02/2018,,,,72799.0,56198.0,151957.0,29217.0,90702.0,124477.0,57127.0,42678.0,30006.0,23204.0,16264.0,9749.0,5377.0,77668.0,58597.0,157607.0,30414.0,60251.0,53129.0,28093.0,25243.0,20917.0,17585.0,13913.0,10041.0,5687.0,,,,,,,,,,,
02/2019,,,,69760.0,53787.0,140709.0,26026.0,82847.0,119617.0,52207.0,40119.0,28735.0,23008.0,16490.0,10168.0,5254.0,73102.0,56411.0,145983.0,26837.0,53439.0,48926.0,25370.0,23251.0,19856.0,17352.0,14306.0,10538.0,5501.0,,,,,,,,,,,
02/2020,,,,60756.0,50899.0,128265.0,22394.0,73148.0,110058.0,47110.0,36173.0,26199.0,21377.0,15134.0,9472.0,4082.0,63580.0,53488.0,133276.0,23093.0,42258.0,43896.0,22907.0,21084.0,18105.0,16050.0,13341.0,9805.0,4247.0,,,,,,,,,,,
02/2021,,,,59872.0,56799.0,143231.0,25388.0,79960.0,124320.0,53507.0,41578.0,30296.0,24400.0,18222.0,11610.0,5775.0,62687.0,59870.0,148856.0,26101.0,48745.0,48968.0,25238.0,23599.0,20339.0,18067.0,15862.0,11868.0,6159.0,,,,,,,,,,,
02/2022,,,,76916.0,70019.0,178756.0,33672.0,101806.0,161987.0,70668.0,56749.0,42041.0,34282.0,26840.0,17401.0,8493.0,80380.0,73994.0,186281.0,34190.0,61959.0,62004.0,31790.0,30609.0,26948.0,24315.0,22218.0,17204.0,8755.0,,,,,,,,,,,
02/2023,1514289.0,164925.0,0.0,85532.0,75038.0,193702.0,35883.0,107314.0,180301.0,77274.0,64544.0,48088.0,39772.0,31413.0,20677.0,8054.0,89643.0,79160.0,202032.0,36307.0,60836.0,64761.0,32803.0,33533.0,29921.0,27728.0,26024.0,20621.0,8251.0,,,,,,,,,,,
02/2024,1361779.0,356684.0,0.0,93111.0,77338.0,198222.0,34933.0,108369.0,187325.0,79290.0,66499.0,50518.0,40887.0,32785.0,21749.0,5856.0,97416.0,81901.0,207150.0,34908.0,60160.0,63217.0,31651.0,32432.0,29415.0,27850.0,27125.0,21692.0,6661.0,1718454.0,562817.0,343248.0,14848.0,18267.0,407119.0,73534.0,480653.0,513768.0,5697.0,
02/2025,1239637.0,424846.0,0.0,89212.0,75972.0,196810.0,33664.0,99247.0,186503.0,79104.0,63703.0,49249.0,39502.0,32013.0,21871.0,5613.0,92131.0,80187.0,205425.0,33856.0,54913.0,58637.0,29943.0,30099.0,27675.0,26398.0,25641.0,20830.0,6283.0,1664480.0,546843.0,330475.0,30276.0,11683.0,404288.0,71876.0,476164.0,518123.0,4379.0,
02/2026,1145923.0,360699.0,0.0,79712.0,70664.0,182569.0,30969.0,85121.0,174144.0,73358.0,58323.0,44895.0,35458.0,27948.0,19650.0,4794.0,83627.0,74508.0,189871.0,31434.0,45218.0,49836.0,25868.0,26269.0,24439.0,22902.0,22160.0,18001.0,4884.0,1505715.0,496630.0,301190.0,22710.0,10741.0,374416.0,66425.0,440841.0,474292.0,,
03/2015,,,,64396.0,61364.0,,,,,,,,,,,,66546.0,64025.0,,,,,,,,,,,,,,,,,,,,,,
03/2016,,,,70827.0,58017.0,,,,,,,,,,,,74864.0,60477.0,,,,,,,,,,,,,,,,,,,,,,
03/2017,,,,70565.0,56613.0,,,,,,,,,,,,74644.0,58709.0,,,,,,,,,,,,,,,,,,,,,,
03/2018,,,,72988.0,56558.0,152561.0,29316.0,91294.0,125283.0,57397.0,42809.0,30137.0,23302.0,16370.0,9805.0,5372.0,77857.0,59095.0,158046.0,30463.0,60185.0,53542.0,28268.0,25397.0,21024.0,17681.0,13994.0,10122.0,5649.0,,,,,,,,,,,
03/2019,,,,70434.0,54563.0,142307.0,26339.0,84262.0,121435.0,52947.0,40701.0,29131.0,23433.0,16848.0,10386.0,5388.0,73879.0,57403.0,147683.0,27075.0,53893.0,49899.0,25867.0,23598.0,20169.0,17607.0,14571.0,10767.0,5672.0,,,,,,,,,,,
03/2020,,,,61740.0,51401.0,129771.0,22664.0,73771.0,110862.0,47392.0,36445.0,26400.0,21521.0,15244.0,9566.0,3816.0,64583.0,54164.0,134814.0,23181.0,42733.0,44242.0,23134.0,21384.0,18305.0,16286.0,13614.0,9974.0,3998.0,,,,,,,,,,,
03/2021,,,,62460.0,58041.0,147029.0,26110.0,82271.0,128280.0,55342.0,43032.0,31512.0,25460.0,19107.0,12276.0,6190.0,65341.0,61117.0,152826.0,26675.0,49881.0,50319.0,26010.0,24377.0,21089.0,18813.0,16546.0,12479.0,6605.0,,,,,,,,,,,
03/2022,,,,74289.0,67972.0,174285.0,32613.0,96360.0,156349.0,67951.0,54422.0,40196.0,32774.0,25521.0,16466.0,6473.0,77748.0,71804.0,181633.0,32990.0,57387.0,58207.0,30127.0,29274.0,25852.0,23514.0,21511.0,16567.0,6767.0,,,,,,,,,,,
03/2023,1459733.0,150268.0,0.0,85560.0,72546.0,187848.0,34700.0,101207.0,173345.0,73931.0,61144.0,45463.0,37828.0,29793.0,19700.0,5584.0,89728.0,76549.0,195830.0,34696.0,55083.0,60586.0,31121.0,31772.0,28359.0,26542.0,25170.0,19961.0,5946.0,,,316084.0,,,,,,,,
03/2024,1290078.0,411582.0,0.0,92178.0,77068.0,197500.0,34565.0,106822.0,185933.0,78915.0,65923.0,50039.0,40246.0,32075.0,21223.0,5143.0,96375.0,81604.0,206619.0,34612.0,59199.0,62258.0,31170.0,31984.0,29019.0,27458.0,26772.0,21084.0,5871.0,1701636.0,555163.0,339777.0,17136.0,20164.0,406261.0,75761.0,482022.0,519322.0,5553.0,
03/2025,1227804.0,442984.0,0.0,89608.0,76596.0,198341.0,33880.0,99609.0,188012.0,79727.0,63864.0,49358.0,39527.0,31852.0,21702.0,5302.0,92666.0,80691.0,207080.0,34077.0,54611.0,58431.0,29807.0,29979.0,27604.0,26294.0,25515.0,20702.0,5950.0,1670784.0,547812.0,331998.0,20993.0,11582.0,407560.0,74904.0,482464.0,515039.0,4303.0,
03/2026,1156994.0,338668.0,7.0,79022.0,70021.0,181125.0,30733.0,84123.0,173030.0,72792.0,58033.0,44546.0,35286.0,27958.0,19709.0,5166.0,82686.0,73907.0,188148.0,31291.0,44565.0,49292.0,25748.0,26045.0,24451.0,22901.0,22116.0,17963.0,5012.0,1494883.0,503391.0,298871.0,22586.0,11307.0,371109.0,68096.0,439205.0,473098.0,,
04/2015,,,,64144.0,59349.0,,,,,,,,,,,,66555.0,61943.0,,,,,,,,,,,,,,,,,,,,,,
04/2016,,,,71509.0,58435.0,,,,,,,,,,,,75656.0,60778.0,,,,,,,,,,,,,,,,,,,,,,
04/2017,,,,70602.0,56279.0,,,,,,,,,,,,74746.0,58372.0,,,,,,,,,,,,,,,,,,,,,,
04/2018,,,,70091.0,53962.0,144403.0,27355.0,85673.0,118968.0,53791.0,39989.0,28218.0,22018.0,15277.0,9271.0,4975.0,74729.0,56346.0,149598.0,28354.0,54679.0,49869.0,26444.0,23759.0,19755.0,16737.0,13321.0,9559.0,5189.0,,,,,,,,,,,
04/2019,,,,70484.0,54778.0,142723.0,26328.0,84298.0,121783.0,52906.0,40726.0,29244.0,23501.0,16857.0,10471.0,5409.0,74040.0,57635.0,148031.0,26970.0,53353.0,49833.0,25832.0,23593.0,20215.0,17654.0,14666.0,10801.0,5648.0,,,,,,,,,,,
04/2020,,,,68422.0,55622.0,139283.0,24502.0,82297.0,121731.0,51346.0,39583.0,28800.0,23548.0,16897.0,10677.0,4558.0,71567.0,58584.0,144700.0,24418.0,47146.0,49568.0,25403.0,23314.0,20065.0,17872.0,15076.0,11143.0,4754.0,,,,,,,,,,,
04/2021,,,,62353.0,58523.0,148081.0,26432.0,82512.0,129317.0,55954.0,43508.0,31943.0,25782.0,19428.0,12468.0,6379.0,65329.0,61603.0,154033.0,26971.0,50182.0,50448.0,26160.0,24504.0,21282.0,18975.0,16725.0,12655.0,6804.0,,,,,,,,,,,
04/2022,,,,73995.0,68345.0,174988.0,32772.0,96660.0,157040.0,68311.0,54907.0,40444.0,32968.0,25716.0,16621.0,6598.0,77581.0,71964.0,182603.0,33121.0,57895.0,58340.0,30135.0,29529.0,25993.0,23650.0,21678.0,16712.0,6880.0,,,,,,,,,,,
04/2023,1466618.0,149111.0,0.0,86085.0,72813.0,188915.0,34637.0,101419.0,174342.0,74165.0,61440.0,45721.0,37826.0,29786.0,19801.0,5678.0,90124.0,76930.0,196624.0,34930.0,55236.0,60509.0,31037.0,31742.0,28318.0,26463.0,25146.0,19980.0,6056.0,,,317435.0,,,,,,,,
04/2024,1300365.0,404523.0,0.0,91522.0,77400.0,198603.0,34593.0,106725.0,186352.0,79409.0,66168.0,50283.0,40193.0,32017.0,21243.0,5357.0,95674.0,81960.0,207659.0,34909.0,59516.0,62062.0,31253.0,31901.0,29008.0,27333.0,26634.0,21011.0,6095.0,1704864.0,554303.0,339626.0,26643.0,12774.0,408345.0,78660.0,487005.0,526422.0,5446.0,
04/2025,1229855.0,435114.0,0.0,88568.0,76474.0,197960.0,33710.0,98720.0,187508.0,79628.0,63746.0,49414.0,39505.0,31815.0,21765.0,5370.0,91528.0,80653.0,206741.0,34034.0,54446.0,58143.0,29639.0,29813.0,27513.0,26160.0,25372.0,20687.0,6057.0,1664966.0,546320.0,328110.0,22437.0,9996.0,407545.0,77342.0,484887.0,517320.0,4277.0,
04/2026,1175317.0,336536.0,7.0,79704.0,70468.0,182947.0,31086.0,85012.0,174820.0,73632.0,58730.0,44977.0,35690.0,28380.0,20120.0,5560.0,83337.0,74422.0,190041.0,31514.0,44907.0,49848.0,26115.0,26416.0,24800.0,23339.0,22506.0,18287.0,5365.0,1511154.0,504959.0,300974.0,22660.0,11682.0,374923.0,70663.0,445586.0,479928.0,,
05/2015,,,,63281.0,59172.0,,,,,,,,,,,,65599.0,61813.0,,,,,,,,,,,,,,,,,,,,,,
05/2016,,,,70243.0,57874.0,,,,,,,,,,,,74101.0,60370.0,,,,,,,,,,,,,,,,,,,,,,
05/2017,,,,69928.0,55799.0,155342.0,30103.0,87534.0,121375.0,57223.0,41475.0,29697.0,21781.0,14298.0,8165.0,3930.0,74086.0,57913.0,161392.0,31257.0,58643.0,51243.0,28276.0,24947.0,20689.0,16527.0,12712.0,8457.0,4304.0,,,,,,,,,,,
05/2018,,,,71489.0,54776.0,146281.0,27671.0,87057.0,121025.0,54651.0,40542.0,28595.0,22293.0,15453.0,9339.0,4950.0,75779.0,57223.0,151521.0,28552.0,55159.0,50801.0,26871.0,24068.0,20000.0,16956.0,13520.0,9640.0,5121.0,,,,,,,,,,,
05/2019,,,,71568.0,55662.0,144321.0,26549.0,85750.0,123828.0,53682.0,41293.0,29664.0,23916.0,17175.0,10678.0,5545.0,74961.0,58606.0,149713.0,27114.0,53699.0,51022.0,26265.0,24051.0,20543.0,17912.0,14923.0,11045.0,5754.0,,,,,,,,,,,
05/2020,,,,67572.0,55807.0,139680.0,24355.0,82261.0,121840.0,51514.0,39775.0,28982.0,23634.0,17005.0,10759.0,4643.0,70656.0,58779.0,145142.0,24538.0,47485.0,49572.0,25353.0,23368.0,20147.0,17904.0,15091.0,11209.0,4883.0,,,,,,,,,,,
05/2021,,,,61102.0,58626.0,148149.0,26664.0,81702.0,129127.0,56263.0,43643.0,32106.0,25844.0,19492.0,12550.0,6575.0,63978.0,61745.0,154457.0,27222.0,50090.0,50103.0,26001.0,24448.0,21224.0,18981.0,16717.0,12675.0,6963.0,,,,,,,,,,,
05/2022,,,,74665.0,69042.0,176916.0,33218.0,97111.0,158600.0,68933.0,55587.0,40508.0,32696.0,25326.0,16467.0,6685.0,78323.0,72522.0,184608.0,33488.0,57641.0,57795.0,29922.0,29500.0,25844.0,23385.0,21366.0,16516.0,6953.0,,,,,,,,,,,
05/2023,1477110.0,155719.0,0.0,87898.0,73601.0,190966.0,34794.0,102546.0,176841.0,75000.0,62254.0,46224.0,37918.0,29938.0,19862.0,5845.0,91856.0,77817.0,198721.0,35143.0,55785.0,60907.0,31156.0,31843.0,28334.0,26415.0,25119.0,19838.0,6202.0,,,324001.0,,,,,,,,
05/2024,1314175.0,391970.0,0.0,91159.0,77247.0,198600.0,34483.0,106483.0,186938.0,79560.0,65875.0,50368.0,40298.0,32227.0,21489.0,5578.0,95312.0,81751.0,207602.0,34847.0,59565.0,62304.0,31314.0,31961.0,29210.0,27444.0,26882.0,21251.0,6387.0,1706117.0,556552.0,338046.0,32478.0,12782.0,408474.0,81046.0,489520.0,534780.0,5265.0,
05/2025,1228398.0,429183.0,0.0,,,,,,,,,,,,,,,,,,,,,,,,,,,1657578.0,544439.0,322082.0,22437.0,9996.0,407204.0,80067.0,487271.0,519704.0,4255.0,
05/2026,1196182.0,330748.0,7.0,80948.0,71349.0,184999.0,31503.0,86101.0,176965.0,74612.0,59303.0,45209.0,35872.0,28279.0,19943.0,5486.0,84845.0,75134.0,192000.0,31776.0,45241.0,50266.0,26369.0,26662.0,24888.0,23433.0,22552.0,18225.0,5113.0,1526277.0,510141.0,304829.0,22583.0,12328.0,379165.0,73394.0,452559.0,487470.0,,
06/2015,,,,63806.0,59726.0,,,,,,,,,,,,66255.0,62479.0,,,,,,,,,,,,,,,,,,,,,,
06/2016,,,,70413.0,58125.0,,,,,,,,,,,,74399.0,60768.0,,,,,,,,,,,,,,,,,,,,,,
06/2017,,,,69624.0,55605.0,154167.0,29743.0,87121.0,121091.0,56788.0,41124.0,29397.0,21593.0,14186.0,8118.0,3870.0,73864.0,57769.0,160284.0,30846.0,57634.0,51127.0,28112.0,24686.0,20520.0,16439.0,12675.0,8394.0,4335.0,,,,,,,,,,,
06/2018,,,,70500.0,53758.0,141653.0,26678.0,85642.0,118806.0,52771.0,39266.0,27783.0,21864.0,15150.0,9219.0,4979.0,74516.0,56025.0,146942.0,27397.0,52952.0,49698.0,25962.0,23165.0,19327.0,16585.0,13266.0,9525.0,5022.0,,,,,,,,,,,
06/2019,,,,69139.0,54217.0,139697.0,25406.0,82655.0,120201.0,51814.0,39907.0,28793.0,23297.0,16569.0,10349.0,5284.0,72466.0,56961.0,144849.0,26002.0,50790.0,49019.0,25346.0,23215.0,19903.0,17432.0,14517.0,10665.0,5419.0,,,,,,,,,,,
06/2020,,,,65363.0,55988.0,140015.0,24427.0,81870.0,121914.0,51667.0,39959.0,29148.0,23741.0,17060.0,10854.0,4792.0,68294.0,59022.0,145448.0,24726.0,47804.0,49422.0,25249.0,23419.0,20179.0,17907.0,15122.0,11249.0,5069.0,,,,,,,,,,,
06/2021,,,,60267.0,58711.0,148245.0,26679.0,81215.0,129103.0,56327.0,43850.0,32245.0,25834.0,19610.0,12617.0,6723.0,62937.0,61957.0,154673.0,27425.0,49996.0,49830.0,25922.0,24400.0,21230.0,18941.0,16721.0,12733.0,7093.0,,,,,,,,,,,
06/2022,,,,74636.0,69218.0,177675.0,33282.0,96750.0,159287.0,69205.0,55846.0,40841.0,32857.0,25504.0,16604.0,6791.0,78501.0,72757.0,185272.0,33576.0,57033.0,57506.0,29812.0,29418.0,25852.0,23413.0,21450.0,16630.0,7030.0,,,,,,,,,,,
06/2023,1466511.0,164548.0,0.0,86877.0,73546.0,191253.0,34519.0,101723.0,176567.0,75125.0,62473.0,46488.0,37895.0,30025.0,19989.0,6039.0,90725.0,77806.0,199080.0,35065.0,56089.0,60672.0,31075.0,31814.0,28352.0,26388.0,25126.0,19904.0,6440.0,1631054.0,535374.0,323285.0,37389.0,,391749.0,68169.0,459918.0,497307.0,6614.0,
06/2024,1330911.0,382440.0,0.0,91137.0,77591.0,199645.0,34649.0,106774.0,188166.0,80194.0,66262.0,50713.0,40384.0,32307.0,21611.0,5744.0,95267.0,81918.0,208738.0,34941.0,59879.0,62440.0,31387.0,32047.0,29193.0,27467.0,26904.0,21314.0,6676.0,1713327.0,558969.0,338216.0,41008.0,12506.0,410765.0,83723.0,494488.0,548002.0,5199.0,
06/2025,1232126.0,426429.0,0.0,84445.0,76091.0,198656.0,33785.0,97614.0,187264.0,80099.0,64273.0,49901.0,39906.0,32343.0,22309.0,5965.0,88672.0,80378.0,207306.0,34353.0,54452.0,56717.0,29259.0,29411.0,27430.0,25897.0,25197.0,20792.0,6688.0,1658552.0,545353.0,318124.0,22437.0,9996.0,408315.0,83409.0,491724.0,524157.0,,
06/2026,1214553.0,332207.0,7.0,81196.0,71946.0,187132.0,31926.0,87448.0,178898.0,75574.0,60152.0,45963.0,36584.0,28822.0,20499.0,5909.0,85252.0,75562.0,194161.0,32229.0,46066.0,51019.0,26799.0,27110.0,25339.0,24023.0,23108.0,18738.0,5460.0,1546102.0,519739.0,306304.0,23417.0,11238.0,383242.0,76413.0,459655.0,494310.0,,
07/2015,,,,64566.0,60294.0,,,,,,,,,,,,67130.0,62950.0,,,,,,,,,,,,,,,,,,,,,,
07/2016,,,,72310.0,59160.0,,,,,,,,,,,,76303.0,61892.0,,,,,,,,,,,,,,,,,,,,,,
07/2017,,,,66268.0,52078.0,143332.0,27244.0,80972.0,113310.0,52514.0,37942.0,27415.0,20436.0,13340.0,7712.0,3537.0,70522.0,54245.0,149123.0,28149.0,51555.0,47001.0,25792.0,22735.0,19141.0,15484.0,12072.0,7899.0,3805.0,,,,,,,,,,,
07/2018,,,,70680.0,54060.0,142511.0,26799.0,85590.0,118843.0,52826.0,39299.0,27870.0,21926.0,15032.0,9133.0,4509.0,74586.0,56388.0,147776.0,27498.0,52709.0,49419.0,25965.0,23236.0,19436.0,16661.0,13318.0,9495.0,4706.0,,,,,,,,,,,
07/2019,,,,67142.0,53425.0,137482.0,24929.0,80179.0,116899.0,50709.0,38998.0,28117.0,22715.0,16076.0,10002.0,4702.0,70367.0,56049.0,142590.0,25581.0,49184.0,47221.0,24610.0,22598.0,19402.0,16951.0,14125.0,10381.0,4902.0,,,,,,,,,,,
07/2020,,,,64060.0,56083.0,140151.0,24443.0,81451.0,122076.0,51753.0,40146.0,29265.0,23767.0,17180.0,10899.0,4926.0,66875.0,59141.0,145692.0,24938.0,47949.0,49279.0,25217.0,23396.0,20133.0,17902.0,15132.0,11291.0,5190.0,,,,,,,,,,,
07/2021,,,,59209.0,58876.0,148455.0,26903.0,80711.0,129102.0,56525.0,44007.0,32389.0,25876.0,19683.0,12724.0,6841.0,61807.0,62108.0,155048.0,27618.0,50128.0,49597.0,25863.0,24413.0,21224.0,18902.0,16743.0,12772.0,7242.0,,,,,,,,,,,
07/2022,,,,74000.0,69255.0,177856.0,33194.0,96059.0,159204.0,69317.0,56066.0,40947.0,32901.0,25449.0,16655.0,6749.0,77875.0,72689.0,185505.0,33573.0,56860.0,57131.0,29617.0,29392.0,25799.0,23337.0,21348.0,16612.0,7079.0,,,,,,,,,,,
07/2023,1281256.0,354690.0,0.0,87326.0,73862.0,191460.0,34691.0,102200.0,177033.0,75248.0,62563.0,47032.0,38566.0,30174.0,19781.0,5166.0,91181.0,77946.0,199478.0,34897.0,56739.0,60984.0,30979.0,31805.0,28611.0,26879.0,25744.0,20073.0,5524.0,1635939.0,533700.0,324492.0,35239.0,,392324.0,70683.0,463007.0,498246.0,6491.0,
07/2024,1285474.0,425417.0,0.0,92839.0,77373.0,199641.0,34584.0,106419.0,188742.0,79963.0,65813.0,50436.0,40155.0,32402.0,21757.0,5360.0,96884.0,81587.0,208528.0,34532.0,58398.0,61985.0,31207.0,31912.0,28933.0,27318.0,26801.0,21254.0,6062.0,1710880.0,561907.0,341949.0,42336.0,13523.0,410165.0,84755.0,494920.0,550779.0,5000.0,
07/2025,1173317.0,386049.0,0.0,81291.0,72097.0,186865.0,31264.0,91219.0,178220.0,75084.0,59885.0,46733.0,37475.0,30070.0,20699.0,4624.0,85419.0,75973.0,194709.0,31700.0,49347.0,53322.0,27361.0,27566.0,25823.0,24423.0,23845.0,19378.0,5121.0,1558246.0,517292.0,307562.0,22505.0,8958.0,383224.0,78240.0,461464.0,492927.0,,
07/2026,,,,80227.0,71014.0,184907.0,31563.0,86703.0,177335.0,74612.0,59514.0,45647.0,36493.0,28755.0,20522.0,5914.0,84404.0,74604.0,191662.0,31618.0,45269.0,50664.0,26502.0,26830.0,25228.0,23923.0,23117.0,18824.0,5302.0,1530378.0,518046.0,303752.0,23206.0,11835.0,377842.0,77087.0,454929.0,489970.0,,
08/2015,,,,64574.0,60311.0,,,,,,,,,,,,67166.0,62916.0,,,,,,,,,,,,,,,,,,,,,,
08/2016,,,,71499.0,59061.0,,,,,,,,,,,,75470.0,61803.0,,,,,,,,,,,,,,,,,,,,,,
08/2017,,,,70389.0,54537.0,148901.0,28286.0,86510.0,119742.0,54734.0,39587.0,28679.0,21510.0,14077.0,8232.0,3908.0,74994.0,56662.0,154786.0,28946.0,54087.0,50340.0,27278.0,23854.0,20098.0,16259.0,12723.0,8404.0,4206.0,,,,,,,,,,,
08/2018,,,,71572.0,55042.0,144259.0,27054.0,86958.0,120857.0,53659.0,39903.0,28321.0,22232.0,15298.0,9329.0,4681.0,75562.0,57505.0,149913.0,27659.0,53110.0,50379.0,26383.0,23550.0,19721.0,16911.0,13559.0,9639.0,4866.0,,,,,,,,,,,
08/2019,,,,66280.0,53346.0,136909.0,24727.0,79577.0,116470.0,50519.0,38885.0,28002.0,22618.0,15984.0,9939.0,4646.0,69406.0,55964.0,141926.0,25396.0,48552.0,47008.0,24509.0,22478.0,19302.0,16890.0,14065.0,10328.0,4824.0,,,,,,,,,,,
08/2020,,,,62898.0,56106.0,140349.0,24414.0,81142.0,122078.0,51876.0,40324.0,29381.0,23771.0,17302.0,10966.0,5053.0,65522.0,59324.0,145974.0,25017.0,48206.0,49180.0,25076.0,23430.0,20130.0,17922.0,15160.0,11330.0,5320.0,,,,,,,,,,,
08/2021,,,,57967.0,58882.0,148407.0,26934.0,79796.0,128786.0,56557.0,44228.0,32476.0,25862.0,19726.0,12735.0,6958.0,60582.0,62022.0,154955.0,27892.0,50111.0,49257.0,25648.0,24330.0,21050.0,18847.0,16570.0,12646.0,7311.0,,,,,,,,,,,
08/2022,,,,80991.0,72802.0,186270.0,35267.0,104842.0,170401.0,73505.0,60101.0,44278.0,35980.0,28118.0,18448.0,7807.0,85210.0,76266.0,194430.0,35202.0,60856.0,62154.0,31699.0,31666.0,27963.0,25449.0,23462.0,18542.0,7975.0,,,,,,,,,,,
08/2023,1327969.0,331622.0,0.0,89086.0,74687.0,192689.0,34856.0,104476.0,179898.0,76192.0,63493.0,47902.0,39447.0,31050.0,20412.0,5438.0,93186.0,78634.0,200996.0,34974.0,58027.0,61800.0,31235.0,32107.0,28871.0,27266.0,26289.0,20644.0,5933.0,1659584.0,544152.0,329452.0,33312.0,,395296.0,73311.0,468607.0,501919.0,6346.0,
08/2024,1282790.0,412772.0,0.0,91748.0,76504.0,198321.0,34090.0,104564.0,187271.0,79344.0,65272.0,50185.0,39947.0,32410.0,21746.0,5527.0,95706.0,80714.0,206925.0,34161.0,57755.0,61201.0,30881.0,31513.0,28622.0,27075.0,26642.0,21211.0,6224.0,1695559.0,557242.0,337961.0,43431.0,13695.0,406997.0,86277.0,493274.0,550400.0,4890.0,
08/2025,1149146.0,380138.0,0.0,80822.0,70684.0,183138.0,30659.0,88750.0,175145.0,73472.0,58299.0,45551.0,36618.0,29439.0,20519.0,4604.0,85008.0,74463.0,190703.0,31030.0,47467.0,52183.0,26900.0,26953.0,25330.0,23969.0,23457.0,19073.0,5048.0,1528453.0,506544.0,303678.0,21870.0,10016.0,375888.0,78239.0,454127.0,486013.0,,
08/2026,1215453.0,314039.0,0.0,79871.0,70953.0,184936.0,31667.0,86261.0,177182.0,74583.0,59567.0,45744.0,36406.0,28754.0,20549.0,5904.0,84051.0,74595.0,191476.0,31802.0,45187.0,50530.0,26468.0,26779.0,25267.0,23854.0,23116.0,18811.0,5293.0,1528704.0,517895.0,302467.0,25206.0,13144.0,378130.0,78866.0,456996.0,495346.0,,
09/2015,,,,68057.0,61593.0,,,,,,,,,,,,70932.0,64457.0,,,,,,,,,,,,,,,,,,,,,,
09/2016,,,,74584.0,59558.0,,,,,,,,,,,,78653.0,62029.0,,,,,,,,,,,,,,,,,,,,,,
09/2017,,,,70012.0,53517.0,145132.0,27370.0,85400.0,117668.0,53142.0,38531.0,28083.0,21205.0,13903.0,8163.0,3847.0,74574.0,55521.0,150582.0,27862.0,52356.0,49593.0,26459.0,23085.0,19590.0,15946.0,12577.0,8319.0,4081.0,,,,,,,,,,,
09/2018,,,,69502.0,53348.0,138930.0,26069.0,84163.0,116802.0,51528.0,38514.0,27442.0,21679.0,14803.0,9102.0,4316.0,73175.0,55634.0,144100.0,26419.0,50327.0,47890.0,25376.0,22675.0,19087.0,16626.0,13255.0,9433.0,4443.0,,,,,,,,,,,
09/2019,,,,62975.0,51263.0,131044.0,23395.0,75452.0,111484.0,48302.0,37177.0,26994.0,21877.0,15386.0,9620.0,4305.0,66008.0,53718.0,135784.0,24087.0,45136.0,43994.0,23190.0,21449.0,18505.0,16318.0,13599.0,9887.0,4431.0,,,,,,,,,,,
09/2020,,,,61653.0,56159.0,140643.0,24450.0,80721.0,122061.0,52051.0,40570.0,29662.0,23827.0,17460.0,11032.0,5077.0,64204.0,59391.0,146372.0,25188.0,48519.0,48933.0,24993.0,23451.0,20139.0,17863.0,15279.0,11325.0,5388.0,,,,,,,,,,,
09/2021,,,,57229.0,58883.0,148536.0,26969.0,79138.0,128816.0,56654.0,44422.0,32596.0,25886.0,19873.0,12807.0,7101.0,59758.0,61969.0,155117.0,28107.0,50151.0,49106.0,25551.0,24358.0,21057.0,18772.0,16633.0,12684.0,7471.0,,,,,,,,,,,
09/2022,,,,82363.0,72385.0,185555.0,35113.0,104545.0,171058.0,73509.0,60361.0,44995.0,37060.0,28945.0,19034.0,7723.0,86788.0,75998.0,193744.0,35056.0,59590.0,62601.0,31984.0,32184.0,28661.0,26444.0,24600.0,19210.0,7885.0,,,,,,,,,,,
09/2023,1374384.0,322207.0,0.0,91540.0,76548.0,196595.0,35490.0,107301.0,184654.0,78117.0,65113.0,49121.0,40061.0,31588.0,20655.0,5636.0,96017.0,80495.0,205158.0,35531.0,59278.0,62956.0,31725.0,32521.0,29311.0,27541.0,26586.0,20878.0,6169.0,1696583.0,555509.0,337986.0,29926.0,,403600.0,76830.0,480430.0,510356.0,6295.0,
09/2024,1283170.0,397813.0,0.0,90618.0,75791.0,197006.0,33709.0,102595.0,185824.0,79013.0,64827.0,50021.0,39816.0,32425.0,21847.0,5680.0,94311.0,80043.0,205579.0,33869.0,56969.0,60354.0,30487.0,31148.0,28279.0,26828.0,26381.0,21129.0,6434.0,1680981.0,553041.0,334829.0,45419.0,13899.0,403975.0,87672.0,491647.0,550965.0,4784.0,
09/2025,1138013.0,374881.0,0.0,80010.0,70110.0,181868.0,30349.0,87069.0,173559.0,72889.0,57800.0,45112.0,36132.0,28985.0,20197.0,4388.0,84258.0,73985.0,189266.0,30831.0,46361.0,51365.0,26624.0,26598.0,25039.0,23598.0,23021.0,18738.0,4742.0,1512209.0,500173.0,301289.0,21870.0,10016.0,372757.0,79473.0,452230.0,484116.0,,
10/2015,,,,69812.0,60813.0,,,,,,,,,,,,73073.0,63588.0,,,,,,,,,,,,,,,,,,,,,,
10/2016,,,,74773.0,60114.0,,,,,,,,,,,,78977.0,62451.0,,,,,,,,,,,,,,,,,,,,,,
10/2017,,,,70306.0,53948.0,145304.0,27324.0,85984.0,118434.0,53088.0,38527.0,28110.0,21271.0,14053.0,8245.0,3809.0,74930.0,55756.0,150718.0,27750.0,52081.0,50059.0,26570.0,23209.0,19640.0,16061.0,12691.0,8423.0,4020.0,,,,,,,,,,,
10/2018,,,,70922.0,54222.0,140653.0,26337.0,85540.0,118833.0,52299.0,39073.0,27878.0,22157.0,15153.0,9313.0,4399.0,74435.0,56570.0,145797.0,26626.0,50624.0,49006.0,25895.0,23085.0,19501.0,17020.0,13562.0,9701.0,4545.0,,,,,,,,,,,
10/2019,,,,62384.0,51221.0,130630.0,23210.0,74856.0,111112.0,48130.0,37012.0,26875.0,21759.0,15302.0,9526.0,4208.0,65230.0,53673.0,135375.0,23952.0,44671.0,43898.0,23077.0,21337.0,18384.0,16224.0,13503.0,9835.0,4312.0,,,,,,,,,,,
10/2020,,,,60620.0,56294.0,0.0,0.0,0.0,0.0,0.0,0.0,0.0,0.0,0.0,0.0,0.0,63226.0,59420.0,0.0,0.0,0.0,0.0,0.0,0.0,0.0,0.0,0.0,0.0,0.0,,,,,,,,,,,
10/2021,,,,56577.0,58834.0,148641.0,27055.0,78620.0,128737.0,56671.0,44673.0,32711.0,25958.0,19976.0,12897.0,7271.0,58922.0,61983.0,155247.0,28341.0,50184.0,48911.0,25440.0,24411.0,21053.0,18762.0,16657.0,12756.0,7608.0,,,,,,,,,,,
10/2022,,,,84647.0,74072.0,189429.0,35858.0,107400.0,175973.0,75339.0,62131.0,46429.0,38325.0,29971.0,19677.0,8024.0,89167.0,77722.0,197846.0,35798.0,61076.0,64221.0,32614.0,32977.0,29307.0,27117.0,25347.0,19812.0,8150.0,,,,,,,,,,,
10/2023,1399405.0,318066.0,0.0,92277.0,77465.0,199182.0,35602.0,108602.0,186952.0,79379.0,66112.0,49843.0,40561.0,32037.0,20902.0,5849.0,96793.0,81450.0,207799.0,35791.0,60504.0,63668.0,32037.0,32880.0,29558.0,27751.0,26888.0,21119.0,6464.0,1717459.0,560810.0,342289.0,25834.0,10079.0,408469.0,79662.0,488131.0,524044.0,6127.0,
10/2024,1263099.0,426400.0,0.0,92358.0,76424.0,198456.0,34000.0,102864.0,187933.0,79464.0,64797.0,49926.0,39884.0,32319.0,21690.0,5361.0,95990.0,80473.0,206933.0,33951.0,56186.0,60385.0,30542.0,31106.0,28268.0,26895.0,26301.0,20969.0,6022.0,1689495.0,556887.0,339259.0,47129.0,14307.0,406629.0,89267.0,495896.0,557332.0,4642.0,
10/2025,1120840.0,372866.0,0.0,78518.0,69306.0,180599.0,30049.0,84793.0,171407.0,72187.0,57214.0,44602.0,35724.0,28576.0,19929.0,4369.0,82593.0,73327.0,187762.0,30645.0,45396.0,50255.0,26251.0,26351.0,24708.0,23221.0,22720.0,18455.0,4749.0,1492892.0,492975.0,297450.0,21870.0,10016.0,369547.0,80454.0,450001.0,481887.0,,
11/2015,,,,68612.0,59058.0,,,,,,,,,,,,72254.0,61691.0,,,,,,,,,,,,,,,,,,,,,,
11/2016,,,,72550.0,58266.0,,,,,,,,,,,,76500.0,60703.0,,,,,,,,,,,,,,,,,,,,,,
11/2017,,,,71902.0,54462.0,146284.0,27509.0,87267.0,120093.0,53493.0,38935.0,28438.0,21698.0,14273.0,8464.0,3939.0,76504.0,56517.0,151811.0,27700.0,52452.0,51462.0,27182.0,23600.0,20003.0,16374.0,12922.0,8725.0,4183.0,,,,,,,,,,,
11/2018,,,,72347.0,55323.0,142800.0,26684.0,87439.0,121488.0,53311.0,39839.0,28582.0,22693.0,15520.0,9555.0,4536.0,75922.0,57873.0,148122.0,26910.0,51357.0,50361.0,26525.0,23565.0,20001.0,17461.0,13921.0,9975.0,4661.0,,,,,,,,,,,
11/2019,,,,61127.0,49863.0,126816.0,22328.0,72518.0,108096.0,46686.0,35929.0,26163.0,21282.0,14991.0,9378.0,4061.0,63925.0,52255.0,131676.0,23025.0,42730.0,42879.0,22516.0,20771.0,17912.0,15858.0,13240.0,9654.0,4191.0,,,,,,,,,,,
11/2020,,,,59670.0,56277.0,,,,,,,,,,,,62287.0,59360.0,,,,,,,,,,,,,,,,,,,,,,
11/2021,,,,55606.0,58517.0,147812.0,26856.0,77284.0,127570.0,56261.0,44350.0,32331.0,25389.0,19251.0,12324.0,6054.0,57909.0,61550.0,154457.0,28184.0,49424.0,47826.0,24908.0,23976.0,20704.0,18357.0,16232.0,12241.0,6483.0,,,,,,,,,,,
11/2022,,,,85619.0,74597.0,191317.0,36015.0,108367.0,178143.0,76202.0,63357.0,47509.0,39383.0,30986.0,20408.0,8199.0,90029.0,78382.0,199643.0,36081.0,61675.0,64858.0,32835.0,33451.0,29828.0,27718.0,26026.0,20450.0,8357.0,,,,,,,,,,,
11/2023,1328767.0,384623.0,0.0,92881.0,77598.0,199149.0,35412.0,108484.0,187325.0,79297.0,65959.0,49602.0,40323.0,31680.0,20619.0,5122.0,97325.0,81585.0,207745.0,35503.0,60265.0,63278.0,31798.0,32494.0,29214.0,27520.0,26623.0,20848.0,5735.0,1713383.0,557048.0,343441.0,26372.0,12259.0,408557.0,81309.0,489866.0,528497.0,5952.0,1139.0
11/2024,1268238.0,416734.0,0.0,91517.0,76280.0,197915.0,33904.0,101894.0,187509.0,79417.0,64686.0,49986.0,39980.0,32488.0,21950.0,5550.0,94903.0,80282.0,206550.0,33937.0,56039.0,60142.0,30427.0,30930.0,28226.0,26877.0,26252.0,21107.0,6222.0,1684969.0,556046.0,336769.0,49113.0,13627.0,405994.0,90989.0,496983.0,559723.0,4604.0,
11/2025,1108410.0,349218.0,0.0,76737.0,67900.0,176256.0,29326.0,82116.0,167740.0,70470.0,56093.0,43594.0,34951.0,27828.0,19480.0,4092.0,80567.0,71782.0,183374.0,29991.0,43773.0,48843.0,25525.0,25739.0,24140.0,22691.0,22231.0,18021.0,4368.0,1457068.0,483127.0,290739.0,19075.0,11928.0,361207.0,79864.0,441071.0,472074.0,,
12/2015,,,,70189.0,59995.0,,,,,,,,,,,,73937.0,62609.0,,,,,,,,,,,,,,,,,,,,,,
12/2016,,,,73024.0,57915.0,,,,,,,,,,,,77108.0,60312.0,,,,,,,,,,,,,,,,,,,,,,
12/2017,,,,72526.0,55011.0,146965.0,27740.0,88274.0,121412.0,53872.0,39195.0,28653.0,21854.0,14456.0,8576.0,3989.0,77230.0,57243.0,152575.0,27795.0,52751.0,52213.0,27371.0,23788.0,20189.0,16558.0,13056.0,8907.0,4263.0,,,,,,,,,,,
12/2018,,,,72296.0,54679.0,140659.0,25950.0,86023.0,120674.0,52423.0,39269.0,28365.0,22744.0,15638.0,9595.0,4542.0,75786.0,57180.0,145497.0,26070.0,49716.0,50414.0,26425.0,23403.0,19995.0,17559.0,14048.0,10091.0,4643.0,,,,,,,,,,,
12/2019,,,,60458.0,49827.0,126358.0,22154.0,72045.0,107738.0,46509.0,35778.0,26074.0,21159.0,14924.0,9298.0,3982.0,63156.0,52298.0,131238.0,22903.0,42316.0,42621.0,22387.0,20695.0,17824.0,15791.0,13153.0,9552.0,4111.0,,,,,,,,,,,
12/2020,,,,58864.0,56279.0,140918.0,24754.0,79067.0,121763.0,52552.0,41027.0,29917.0,24009.0,17793.0,11242.0,5558.0,61588.0,59214.0,146897.0,25588.0,48763.0,48151.0,24836.0,23311.0,20085.0,17837.0,15433.0,11517.0,5809.0,,,,,,,,,,,
12/2021,,,,55298.0,58630.0,148509.0,27240.0,76525.0,127914.0,56540.0,44934.0,32535.0,25523.0,19446.0,12378.0,6108.0,57489.0,61738.0,155076.0,28741.0,49394.0,47564.0,24852.0,24006.0,20828.0,18408.0,16289.0,12288.0,6572.0,,,,,,,,,,,
12/2022,,,,86263.0,74402.0,191215.0,35718.0,106874.0,177747.0,75910.0,63226.0,47268.0,39250.0,30977.0,20159.0,6984.0,90557.0,78319.0,199391.0,35840.0,59615.0,63762.0,32465.0,33182.0,29627.0,27714.0,25997.0,20468.0,7223.0,,,,,,,,,,,
12/2023,1345989.0,377694.0,0.0,93956.0,77996.0,199961.0,35423.0,109132.0,188506.0,79686.0,66376.0,49978.0,40538.0,32010.0,20990.0,5338.0,98335.0,82176.0,208775.0,35471.0,60487.0,63383.0,31840.0,32532.0,29319.0,27654.0,26719.0,21088.0,6013.0,1723679.0,559850.0,345318.0,20051.0,14528.0,409913.0,83542.0,493455.0,528034.0,5868.0,1035.0
12/2024,1284413.0,403189.0,0.0,91614.0,76341.0,197717.0,33837.0,101851.0,188247.0,79576.0,64637.0,49916.0,40085.0,32577.0,22132.0,5806.0,94888.0,80514.0,206403.0,33911.0,56008.0,60470.0,30682.0,30932.0,28305.0,26941.0,26358.0,21287.0,6563.0,1687589.0,557983.0,336629.0,46074.0,13510.0,405708.0,92792.0,498500.0,558084.0,4528.0,
12/2025,1158225.0,337169.0,0.0,81855.0,69479.0,179355.0,30481.0,85347.0,172813.0,72022.0,57371.0,44442.0,35344.0,27902.0,19574.0,4381.0,85979.0,73535.0,186753.0,30535.0,44111.0,49875.0,25832.0,26083.0,24386.0,22898.0,22287.0,18128.0,4626.0,1494369.0,494146.0,303815.0,19963.0,14925.0,367933.0,81676.0,449609.0,484497.0,,
