"Referência","Quantidade de pessoas do sexo feminino com idade entre 0 e 3 anos beneficiárias do Programa Bolsa Família inscritas no Cadastro Único","Quantidade de pessoas do sexo feminino com idade entre 4 e 6 anos beneficiárias do Programa Bolsa Família inscritas no Cadastro Único","Quantidade de pessoas do sexo feminino com idade entre 7 e 15 anos beneficiárias do Programa Bolsa Família inscritas no Cadastro Único","Quantidade de pessoas do sexo feminino com idade entre 16 e 17 anos beneficiárias do Programa Bolsa Família inscritas no Cadastro Único","Quantidade de pessoas do sexo feminino com idade entre 18 e 24 anos beneficiárias do Programa Bolsa Família inscritas no Cadastro Único","Quantidade de pessoas do sexo feminino com idade entre 25 e 34 anos beneficiárias do Programa Bolsa Família inscritas no Cadastro Único","Quantidade de pessoas do sexo feminino com idade entre 35 e 39 anos beneficiárias do Programa Bolsa Família inscritas no Cadastro Único","Quantidade de pessoas do sexo feminino com idade entre 40 e 44 anos beneficiárias do Programa Bolsa Família inscritas no Cadastro Único","Quantidade de pessoas do sexo feminino com idade entre 45 e 49 anos beneficiárias do Programa Bolsa Família inscritas no Cadastro Único","Quantidade de pessoas do sexo feminino com idade entre 50 e 54 anos beneficiárias do Programa Bolsa Família inscritas no Cadastro Único","Quantidade de pessoas do sexo feminino com idade entre 55 e 59 anos beneficiárias do Programa Bolsa Família inscritas no Cadastro Único","Quantidade de pessoas do sexo feminino com idade entre 60 e 64 anos beneficiárias do Programa Bolsa Família inscritas no Cadastro Único","Quantidade de pessoas do sexo feminino com idade acima de 64 anos beneficiárias do Programa Bolsa Família inscritas no Cadastro Único"
"01/2015","","","193745","37811","90804","141370","66883","50157","37363","26702","16824","9093","4760"
"02/2015","65433","61549","","","","","","","","","","",""
"03/2015","64396","61364","","","","","","","","","","",""
"04/2015","64144","59349","","","","","","","","","","",""
"05/2015","63281","59172","","","","","","","","","","",""
"06/2015","63806","59726","","","","","","","","","","",""
"07/2015","64566","60294","","","","","","","","","","",""
"08/2015","64574","60311","","","","","","","","","","",""
"09/2015","68057","61593","","","","","","","","","","",""
"10/2015","69812","60813","","","","","","","","","","",""
"11/2015","68612","59058","","","","","","","","","","",""
"12/2015","70189","59995","","","","","","","","","","",""
"01/2016","71726","59182","176469","34594","89633","134346","61914","45696","33641","24647","15628","8620","3926"
"02/2016","70719","59117","","","","","","","","","","",""
"03/2016","70827","58017","","","","","","","","","","",""
"04/2016","71509","58435","","","","","","","","","","",""
"05/2016","70243","57874","","","","","","","","","","",""
"06/2016","70413","58125","","","","","","","","","","",""
"07/2016","72310","59160","","","","","","","","","","",""
"08/2016","71499","59061","","","","","","","","","","",""
"09/2016","74584","59558","","","","","","","","","","",""
"10/2016","74773","60114","","","","","","","","","","",""
"11/2016","72550","58266","","","","","","","","","","",""
"12/2016","73024","57915","","","","","","","","","","",""
"01/2017","72534","56385","158004","31169","86441","125276","55849","40420","28836","21135","13281","7556","2671"
"02/2017","71897","56695","","","","","","","","","","",""
"03/2017","70565","56613","","","","","","","","","","",""
"04/2017","70602","56279","","","","","","","","","","",""
"05/2017","69928","55799","155342","30103","87534","121375","57223","41475","29697","21781","14298","8165","3930"
"06/2017","69624","55605","154167","29743","87121","121091","56788","41124","29397","21593","14186","8118","3870"
"07/2017","66268","52078","143332","27244","80972","113310","52514","37942","27415","20436","13340","7712","3537"
"08/2017","70389","54537","148901","28286","86510","119742","54734","39587","28679","21510","14077","8232","3908"
"09/2017","70012","53517","145132","27370","85400","117668","53142","38531","28083","21205","13903","8163","3847"
"10/2017","70306","53948","145304","27324","85984","118434","53088","38527","28110","21271","14053","8245","3809"
"11/2017","71902","54462","146284","27509","87267","120093","53493","38935","28438","21698","14273","8464","3939"
"12/2017","72526","55011","146965","27740","88274","121412","53872","39195","28653","21854","14456","8576","3989"
"01/2018","73460","55812","148437","28087","89340","123229","54521","39547","28859","22071","14653","8746","4037"
"02/2018","72799","56198","151957","29217","90702","124477","57127","42678","30006","23204","16264","9749","5377"
"03/2018","72988","56558","152561","29316","91294","125283","57397","42809","30137","23302","16370","9805","5372"
"04/2018","70091","53962","144403","27355","85673","118968","53791","39989","28218","22018","15277","9271","4975"
"05/2018","71489","54776","146281","27671","87057","121025","54651","40542","28595","22293","15453","9339","4950"
"06/2018","70500","53758","141653","26678","85642","118806","52771","39266","27783","21864","15150","9219","4979"
"07/2018","70680","54060","142511","26799","85590","118843","52826","39299","27870","21926","15032","9133","4509"
"08/2018","71572","55042","144259","27054","86958","120857","53659","39903","28321","22232","15298","9329","4681"
"09/2018","69502","53348","138930","26069","84163","116802","51528","38514","27442","21679","14803","9102","4316"
"10/2018","70922","54222","140653","26337","85540","118833","52299","39073","27878","22157","15153","9313","4399"
"11/2018","72347","55323","142800","26684","87439","121488","53311","39839","28582","22693","15520","9555","4536"
"12/2018","72296","54679","140659","25950","86023","120674","52423","39269","28365","22744","15638","9595","4542"
"01/2019","70126","53119","135641","24964","82397","116357","50241","37225","26836","21658","14736","9083","3688"
"02/2019","69760","53787","140709","26026","82847","119617","52207","40119","28735","23008","16490","10168","5254"
"03/2019","70434","54563","142307","26339","84262","121435","52947","40701","29131","23433","16848","10386","5388"
"04/2019","70484","54778","142723","26328","84298","121783","52906","40726","29244","23501","16857","10471","5409"
"05/2019","71568","55662","144321","26549","85750","123828","53682","41293","29664","23916","17175","10678","5545"
"06/2019","69139","54217","139697","25406","82655","120201","51814","39907","28793","23297","16569","10349","5284"
"07/2019","67142","53425","137482","24929","80179","116899","50709","38998","28117","22715","16076","10002","4702"
"08/2019","66280","53346","136909","24727","79577","116470","50519","38885","28002","22618","15984","9939","4646"
"09/2019","62975","51263","131044","23395","75452","111484","48302","37177","26994","21877","15386","9620","4305"
"10/2019","62384","51221","130630","23210","74856","111112","48130","37012","26875","21759","15302","9526","4208"
"11/2019","61127","49863","126816","22328","72518","108096","46686","35929","26163","21282","14991","9378","4061"
"12/2019","60458","49827","126358","22154","72045","107738","46509","35778","26074","21159","14924","9298","3982"
"01/2020","61952","50927","128225","22447","73531","110228","47206","36098","26203","21418","15078","9497","4052"
"02/2020","60756","50899","128265","22394","73148","110058","47110","36173","26199","21377","15134","9472","4082"
"03/2020","61740","51401","129771","22664","73771","110862","47392","36445","26400","21521","15244","9566","3816"
"04/2020","68422","55622","139283","24502","82297","121731","51346","39583","28800","23548","16897","10677","4558"
"05/2020","67572","55807","139680","24355","82261","121840","51514","39775","28982","23634","17005","10759","4643"
"06/2020","65363","55988","140015","24427","81870","121914","51667","39959","29148","23741","17060","10854","4792"
"07/2020","64060","56083","140151","24443","81451","122076","51753","40146","29265","23767","17180","10899","4926"
"08/2020","62898","56106","140349","24414","81142","122078","51876","40324","29381","23771","17302","10966","5053"
"09/2020","61653","56159","140643","24450","80721","122061","52051","40570","29662","23827","17460","11032","5077"
"10/2020","60620","56294","0","0","0","0","0","0","0","0","0","0","0"
"11/2020","59670","56277","","","","","","","","","","",""
"12/2020","58864","56279","140918","24754","79067","121763","52552","41027","29917","24009","17793","11242","5558"
"01/2021","58165","56099","141147","24758","78221","121596","52585","41019","29870","23882","17764","11209","5401"
"02/2021","59872","56799","143231","25388","79960","124320","53507","41578","30296","24400","18222","11610","5775"
"03/2021","62460","58041","147029","26110","82271","128280","55342","43032","31512","25460","19107","12276","6190"
"04/2021","62353","58523","148081","26432","82512","129317","55954","43508","31943","25782","19428","12468","6379"
"05/2021","61102","58626","148149","26664","81702","129127","56263","43643","32106","25844","19492","12550","6575"
"06/2021","60267","58711","148245","26679","81215","129103","56327","43850","32245","25834","19610","12617","6723"
"07/2021","59209","58876","148455","26903","80711","129102","56525","44007","32389","25876","19683","12724","6841"
"08/2021","57967","58882","148407","26934","79796","128786","56557","44228","32476","25862","19726","12735","6958"
"09/2021","57229","58883","148536","26969","79138","128816","56654","44422","32596","25886","19873","12807","7101"
"10/2021","56577","58834","148641","27055","78620","128737","56671","44673","32711","25958","19976","12897","7271"
"11/2021","55606","58517","147812","26856","77284","127570","56261","44350","32331","25389","19251","12324","6054"
"12/2021","55298","58630","148509","27240","76525","127914","56540","44934","32535","25523","19446","12378","6108"
"01/2022","73792","67731","172301","32737","97470","155060","67918","54507","40444","33006","25872","16763","8112"
"02/2022","76916","70019","178756","33672","101806","161987","70668","56749","42041","34282","26840","17401","8493"
"03/2022","74289","67972","174285","32613","96360","156349","67951","54422","40196","32774","25521","16466","6473"
"04/2022","73995","68345","174988","32772","96660","157040","68311","54907","40444","32968","25716","16621","6598"
"05/2022","74665","69042","176916","33218","97111","158600","68933","55587","40508","32696","25326","16467","6685"
"06/2022","74636","69218","177675","33282","96750","159287","69205","55846","40841","32857","25504","16604","6791"
"07/2022","74000","69255","177856","33194","96059","159204","69317","56066","40947","32901","25449","16655","6749"
"08/2022","80991","72802","186270","35267","104842","170401","73505","60101","44278","35980","28118","18448","7807"
"09/2022","82363","72385","185555","35113","104545","171058","73509","60361","44995","37060","28945","19034","7723"
"10/2022","84647","74072","189429","35858","107400","175973","75339","62131","46429","38325","29971","19677","8024"
"11/2022","85619","74597","191317","36015","108367","178143","76202","63357","47509","39383","30986","20408","8199"
"12/2022","86263","74402","191215","35718","106874","177747","75910","63226","47268","39250","30977","20159","6984"
"01/2023","86342","75241","193714","36046","107992","180649","77350","64540","48122","39837","31562","20664","8087"
"02/2023","85532","75038","193702","35883","107314","180301","77274","64544","48088","39772","31413","20677","8054"
"03/2023","85560","72546","187848","34700","101207","173345","73931","61144","45463","37828","29793","19700","5584"
"04/2023","86085","72813","188915","34637","101419","174342","74165","61440","45721","37826","29786","19801","5678"
"05/2023","87898","73601","190966","34794","102546","176841","75000","62254","46224","37918","29938","19862","5845"
"06/2023","86877","73546","191253","34519","101723","176567","75125","62473","46488","37895","30025","19989","6039"
"07/2023","87326","73862","191460","34691","102200","177033","75248","62563","47032","38566","30174","19781","5166"
"08/2023","89086","74687","192689","34856","104476","179898","76192","63493","47902","39447","31050","20412","5438"
"09/2023","91540","76548","196595","35490","107301","184654","78117","65113","49121","40061","31588","20655","5636"
"10/2023","92277","77465","199182","35602","108602","186952","79379","66112","49843","40561","32037","20902","5849"
"11/2023","92881","77598","199149","35412","108484","187325","79297","65959","49602","40323","31680","20619","5122"
"12/2023","93956","77996","199961","35423","109132","188506","79686","66376","49978","40538","32010","20990","5338"
"01/2024","92822","77867","199815","35108","108091","187921","79715","66483","50162","40582","32263","21183","5518"
"02/2024","93111","77338","198222","34933","108369","187325","79290","66499","50518","40887","32785","21749","5856"
"03/2024","92178","77068","197500","34565","106822","185933","78915","65923","50039","40246","32075","21223","5143"
"04/2024","91522","77400","198603","34593","106725","186352","79409","66168","50283","40193","32017","21243","5357"
"05/2024","91159","77247","198600","34483","106483","186938","79560","65875","50368","40298","32227","21489","5578"
"06/2024","91137","77591","199645","34649","106774","188166","80194","66262","50713","40384","32307","21611","5744"
"07/2024","92839","77373","199641","34584","106419","188742","79963","65813","50436","40155","32402","21757","5360"
"08/2024","91748","76504","198321","34090","104564","187271","79344","65272","50185","39947","32410","21746","5527"
"09/2024","90618","75791","197006","33709","102595","185824","79013","64827","50021","39816","32425","21847","5680"
"10/2024","92358","76424","198456","34000","102864","187933","79464","64797","49926","39884","32319","21690","5361"
"11/2024","91517","76280","197915","33904","101894","187509","79417","64686","49986","39980","32488","21950","5550"
"12/2024","91614","76341","197717","33837","101851","188247","79576","64637","49916","40085","32577","22132","5806"
"01/2025","90172","75755","196152","33461","99236","185865","78718","63479","48966","39307","31723","21540","5355"
"02/2025","89212","75972","196810","33664","99247","186503","79104","63703","49249","39502","32013","21871","5613"
"03/2025","89608","76596","198341","33880","99609","188012","79727","63864","49358","39527","31852","21702","5302"
"04/2025","88568","76474","197960","33710","98720","187508","79628","63746","49414","39505","31815","21765","5370"
"06/2025","84445","76091","198656","33785","97614","187264","80099","64273","49901","39906","32343","22309","5965"
"07/2025","81291","72097","186865","31264","91219","178220","75084","59885","46733","37475","30070","20699","4624"
"08/2025","80822","70684","183138","30659","88750","175145","73472","58299","45551","36618","29439","20519","4604"
"09/2025","80010","70110","181868","30349","87069","173559","72889","57800","45112","36132","28985","20197","4388"
"10/2025","78518","69306","180599","30049","84793","171407","72187","57214","44602","35724","28576","19929","4369"
"11/2025","76737","67900","176256","29326","82116","167740","70470","56093","43594","34951","27828","19480","4092"
"12/2025","81855","69479","179355","30481","85347","172813","72022","57371","44442","35344","27902","19574","4381"
"01/2026","80724","70162","181264","30720","85219","173500","72946","57957","44722","35361","27810","19545","4502"
"02/2026","79712","70664","182569","30969","85121","174144","73358","58323","44895","35458","27948","19650","4794"
"03/2026","79022","70021","181125","30733","84123","173030","72792","58033","44546","35286","27958","19709","5166"
"04/2026","79704","70468","182947","31086","85012","174820","73632","58730","44977","35690","28380","20120","5560"
"05/2026","80948","71349","184999","31503","86101","176965","74612","59303","45209","35872","28279","19943","5486"
"06/2026","81196","71946","187132","31926","87448","178898","75574","60152","45963","36584","28822","20499","5909"
"07/2026","80227","71014","184907","31563","86703","177335","74612","59514","45647","36493","28755","20522","5914"
"08/2026","79871","70953","184936","31667","86261","177182","74583","59567","45744","36406","28754","20549","5904"
